

[{
	  "Game": "The King of Fighters 2003",
	  "GameLink": "https://en.wikipedia.org/wiki/The_King_of_Fighters_2003",
	  "Genre": "Fighting",
	  "Year": 2005,
	  "Dev": "Eolith",
	  "DevLink": "https://en.wikipedia.org/wiki/Eolith",
	  "Publisher": "Eolith",
	  "PublisherLink": "https://en.wikipedia.org/wiki/Eolith",
	  "Platform": "the XBOX",
	  "PlatformLink": "https://en.wikipedia.org/wiki/Xbox_(console)"
	},
	{
	  "Game": "The King of Fighters Neowave",
	  "GameLink": "https://en.wikipedia.org/wiki/The_King_of_Fighters_Neowave",
	  "Genre": "Fighting",
	  "Year": 2006,
	  "Dev": "SNK Playmore",
	  "DevLink": "https://en.wikipedia.org/wiki/SNK_Playmore",
	  "Publisher": "SNK Playmore",
	  "PublisherLink": "https://en.wikipedia.org/wiki/SNK_Playmore",
	  "Platform": "the XBOX",
	  "PlatformLink": "https://en.wikipedia.org/wiki/Xbox_(console)"
	},
	{
	  "Game": "The King of Fighters: Maximum Impact",
	  "GameLink": "https://en.wikipedia.org/wiki/KOF:_Maximum_Impact",
	  "Genre": "Fighting",
	  "Year": 2005,
	  "Dev": "SNK Playmore",
	  "DevLink": "https://en.wikipedia.org/wiki/SNK_Playmore",
	  "Publisher": "SNK Playmore",
	  "PublisherLink": "https://en.wikipedia.org/wiki/SNK_Playmore",
	  "Platform": "the XBOX",
	  "PlatformLink": "https://en.wikipedia.org/wiki/Xbox_(console)"
	},
	{
	  "Game": "Knight's Apprentice: Memorick's Adventures",
	  "GameLink": null,
	  "Genre": "Action-Adventure",
	  "Year": 2004,
	  "Dev": "Microids",
	  "DevLink": "https://en.wikipedia.org/wiki/Microids",
	  "Publisher": "XS Games",
	  "PublisherLink": "https://en.wikipedia.org/wiki/XS_Games",
	  "Platform": "the XBOX",
	  "PlatformLink": "https://en.wikipedia.org/wiki/Xbox_(console)"
	},
	{
	  "Game": "Knights of the Temple: Infernal Crusade",
	  "GameLink": "https://en.wikipedia.org/wiki/Knights_of_the_Temple:_Infernal_Crusade",
	  "Genre": "Action-Adventure/Hack and slash",
	  "Year": 2004,
	  "Dev": "Starbreeze Studios",
	  "DevLink": "https://en.wikipedia.org/wiki/Starbreeze_Studios",
	  "Publisher": "TDK Mediactive",
	  "PublisherLink": "https://en.wikipedia.org/wiki/TDK_Mediactive",
	  "Platform": "the XBOX",
	  "PlatformLink": "https://en.wikipedia.org/wiki/Xbox_(console)"
	},
	{
	  "Game": "Knights of the Temple II",
	  "GameLink": "https://en.wikipedia.org/wiki/Knights_of_the_Temple_II",
	  "Genre": "Action-Adventure/Hack and slash",
	  "Year": 2005,
	  "Dev": "Cauldron",
	  "DevLink": "https://en.wikipedia.org/wiki/Cauldron_(video_game_company)",
	  "Publisher": "Playlogic Entertainment, TDK Mediactive",
	  "PublisherLink": null,
	  "Platform": "the XBOX",
	  "PlatformLink": "https://en.wikipedia.org/wiki/Xbox_(console)"
	},
	{
	  "Game": "Knockout Kings 2002",
	  "GameLink": null,
	  "Genre": "Fighting",
	  "Year": 2002,
	  "Dev": "EA Sports",
	  "DevLink": "https://en.wikipedia.org/wiki/EA_Sports",
	  "Publisher": "EA Sports",
	  "PublisherLink": "https://en.wikipedia.org/wiki/EA_Sports",
	  "Platform": "the XBOX",
	  "PlatformLink": "https://en.wikipedia.org/wiki/Xbox_(console)"
	},
	{
	  "Game": "Kung Fu Chaos",
	  "GameLink": "https://en.wikipedia.org/wiki/Kung_Fu_Chaos",
	  "Genre": "Fighting/Party game",
	  "Year": 2003,
	  "Dev": "Just Add Monsters",
	  "DevLink": "https://en.wikipedia.org/wiki/Just_Add_Monsters",
	  "Publisher": "Xbox Game Studios",
	  "PublisherLink": "https://en.wikipedia.org/wiki/Xbox_Game_Studios",
	  "Platform": "the XBOX",
	  "PlatformLink": "https://en.wikipedia.org/wiki/Xbox_(console)"
	},
	{
	  "Game": "L.A. Rush",
	  "GameLink": "https://en.wikipedia.org/wiki/L.A._Rush",
	  "Genre": "Racing",
	  "Year": 2005,
	  "Dev": "Midway Games",
	  "DevLink": "https://en.wikipedia.org/wiki/Midway_Games",
	  "Publisher": "Midway Games",
	  "PublisherLink": "https://en.wikipedia.org/wiki/Midway_Games",
	  "Platform": "the XBOX",
	  "PlatformLink": "https://en.wikipedia.org/wiki/Xbox_(console)"
	},
	{
	  "Game": "Land of the Dead: Road to Fiddler's Green",
	  "GameLink": "https://en.wikipedia.org/wiki/Land_of_the_Dead:_Road_to_Fiddler%27s_Green",
	  "Genre": "First-person shooter",
	  "Year": 2005,
	  "Dev": "Brainbox Games",
	  "DevLink": null,
	  "Publisher": "Groove Games",
	  "PublisherLink": "https://en.wikipedia.org/wiki/Groove_Games",
	  "Platform": "the XBOX",
	  "PlatformLink": "https://en.wikipedia.org/wiki/Xbox_(console)"
	},
	{
	  "Game": "Largo Winch: Empire Under Threat",
	  "GameLink": "https://en.wikipedia.org/wiki/Largo_Winch:_Empire_Under_Threat",
	  "Genre": "Action-Adventure",
	  "Year": 2002,
	  "Dev": "Dupuis",
	  "DevLink": "https://en.wikipedia.org/wiki/Dupuis",
	  "Publisher": "Ubisoft",
	  "PublisherLink": "https://en.wikipedia.org/wiki/Ubisoft",
	  "Platform": "the XBOX",
	  "PlatformLink": "https://en.wikipedia.org/wiki/Xbox_(console)"
	},
	{
	  "Game": "Legacy of Kain: Defiance",
	  "GameLink": "https://en.wikipedia.org/wiki/Legacy_of_Kain:_Defiance",
	  "Genre": "Third-person Action-Adventure",
	  "Year": 2003,
	  "Dev": "Crystal Dynamics",
	  "DevLink": "https://en.wikipedia.org/wiki/Crystal_Dynamics",
	  "Publisher": "Eidos Interactive",
	  "PublisherLink": "https://en.wikipedia.org/wiki/Eidos_Interactive",
	  "Platform": "the XBOX",
	  "PlatformLink": "https://en.wikipedia.org/wiki/Xbox_(console)"
	},
	{
	  "Game": "The Legend of Spyro: A New Beginning",
	  "GameLink": "https://en.wikipedia.org/wiki/The_Legend_of_Spyro:_A_New_Beginning",
	  "Genre": "Action/Platformer",
	  "Year": 2006,
	  "Dev": "Krome Studios",
	  "DevLink": "https://en.wikipedia.org/wiki/Krome_Studios",
	  "Publisher": "Vivendi Games",
	  "PublisherLink": "https://en.wikipedia.org/wiki/Vivendi_Games",
	  "Platform": "the XBOX",
	  "PlatformLink": "https://en.wikipedia.org/wiki/Xbox_(console)"
	},
	{
	  "Game": "Legends of Wrestling",
	  "GameLink": "https://en.wikipedia.org/wiki/Legends_of_Wrestling",
	  "Genre": "Sports",
	  "Year": 2002,
	  "Dev": "Acclaim Studios Salt Lake City",
	  "DevLink": "https://en.wikipedia.org/wiki/Acclaim_Studios_Salt_Lake_City",
	  "Publisher": "Acclaim Entertainment",
	  "PublisherLink": "https://en.wikipedia.org/wiki/Acclaim_Entertainment",
	  "Platform": "the XBOX",
	  "PlatformLink": "https://en.wikipedia.org/wiki/Xbox_(console)"
	},
	{
	  "Game": "Legends of Wrestling II",
	  "GameLink": "https://en.wikipedia.org/wiki/Legends_of_Wrestling_II",
	  "Genre": "Sports",
	  "Year": 2003,
	  "Dev": "Acclaim Studios Salt Lake City",
	  "DevLink": "https://en.wikipedia.org/wiki/Acclaim_Studios_Salt_Lake_City",
	  "Publisher": "Acclaim Entertainment",
	  "PublisherLink": "https://en.wikipedia.org/wiki/Acclaim_Entertainment",
	  "Platform": "the XBOX",
	  "PlatformLink": "https://en.wikipedia.org/wiki/Xbox_(console)"
	},
	{
	  "Game": "Lego Star Wars: The Video Game",
	  "GameLink": "https://en.wikipedia.org/wiki/Lego_Star_Wars:_The_Video_Game",
	  "Genre": "Third-person Action-Adventure",
	  "Year": 2005,
	  "Dev": "Traveller's Tales",
	  "DevLink": "https://en.wikipedia.org/wiki/Traveller%27s_Tales",
	  "Publisher": "Eidos Interactive - Giant Interactive Entertainment",
	  "PublisherLink": null,
	  "Platform": "the XBOX",
	  "PlatformLink": "https://en.wikipedia.org/wiki/Xbox_(console)"
	},
	{
	  "Game": "Lego Star Wars II: The Original Trilogy",
	  "GameLink": "https://en.wikipedia.org/wiki/Lego_Star_Wars_II:_The_Original_Trilogy",
	  "Genre": "Third-person Action-Adventure",
	  "Year": 2006,
	  "Dev": "Traveller's Tales",
	  "DevLink": "https://en.wikipedia.org/wiki/Traveller%27s_Tales",
	  "Publisher": "LucasArts",
	  "PublisherLink": "https://en.wikipedia.org/wiki/LucasArts",
	  "Platform": "the XBOX",
	  "PlatformLink": "https://en.wikipedia.org/wiki/Xbox_(console)"
	},
	{
	  "Game": "Leisure Suit Larry: Magna Cum Laude",
	  "GameLink": "https://en.wikipedia.org/wiki/Leisure_Suit_Larry:_Magna_Cum_Laude",
	  "Genre": "Adventure",
	  "Year": 2004,
	  "Dev": "High Voltage Software",
	  "DevLink": "https://en.wikipedia.org/wiki/High_Voltage_Software",
	  "Publisher": "Vivendi Universal Games",
	  "PublisherLink": "https://en.wikipedia.org/wiki/Vivendi_Universal_Games",
	  "Platform": "the XBOX",
	  "PlatformLink": "https://en.wikipedia.org/wiki/Xbox_(console)"
	},
	{
	  "Game": "Lemony Snicket's A Series of Unfortunate Events",
	  "GameLink": "https://en.wikipedia.org/wiki/Lemony_Snicket%27s_A_Series_of_Unfortunate_Events_(video_game)",
	  "Genre": "Platformer",
	  "Year": 2004,
	  "Dev": "Adrenium Games",
	  "DevLink": "https://en.wikipedia.org/wiki/Adrenium_Games",
	  "Publisher": "Activision",
	  "PublisherLink": "https://en.wikipedia.org/wiki/Activision",
	  "Platform": "the XBOX",
	  "PlatformLink": "https://en.wikipedia.org/wiki/Xbox_(console)"
	},
	{
	  "Game": "Links 2004",
	  "GameLink": "https://en.wikipedia.org/wiki/Links_2004",
	  "Genre": "Sports",
	  "Year": 2003,
	  "Dev": "Indie Built",
	  "DevLink": "https://en.wikipedia.org/wiki/Indie_Built",
	  "Publisher": "Xbox Game Studios",
	  "PublisherLink": "https://en.wikipedia.org/wiki/Xbox_Game_Studios",
	  "Platform": "the XBOX",
	  "PlatformLink": "https://en.wikipedia.org/wiki/Xbox_(console)"
	},
	{
	  "Game": "LMA Manager 2003",
	  "GameLink": "https://en.wikipedia.org/wiki/LMA_Manager_2003",
	  "Genre": "Sports Manager",
	  "Year": 2002,
	  "Dev": "Codemasters",
	  "DevLink": "https://en.wikipedia.org/wiki/Codemasters",
	  "Publisher": "Codemasters",
	  "PublisherLink": "https://en.wikipedia.org/wiki/Codemasters",
	  "Platform": "the XBOX",
	  "PlatformLink": "https://en.wikipedia.org/wiki/Xbox_(console)"
	},
	{
	  "Game": "LMA Manager 2004",
	  "GameLink": "https://en.wikipedia.org/wiki/LMA_Manager_2004",
	  "Genre": "Sports Manager",
	  "Year": 2004,
	  "Dev": "Codemasters",
	  "DevLink": "https://en.wikipedia.org/wiki/Codemasters",
	  "Publisher": "Codemasters",
	  "PublisherLink": "https://en.wikipedia.org/wiki/Codemasters",
	  "Platform": "the XBOX",
	  "PlatformLink": "https://en.wikipedia.org/wiki/Xbox_(console)"
	},
	{
	  "Game": "LMA Manager 2005",
	  "GameLink": "https://en.wikipedia.org/wiki/LMA_Manager_2005",
	  "Genre": "Sports Manager",
	  "Year": 2004,
	  "Dev": "Codemasters",
	  "DevLink": "https://en.wikipedia.org/wiki/Codemasters",
	  "Publisher": "Codemasters",
	  "PublisherLink": "https://en.wikipedia.org/wiki/Codemasters",
	  "Platform": "the XBOX",
	  "PlatformLink": "https://en.wikipedia.org/wiki/Xbox_(console)"
	},
	{
	  "Game": "LMA Manager 2006",
	  "GameLink": "https://en.wikipedia.org/wiki/LMA_Manager_2006",
	  "Genre": "Sports Manager",
	  "Year": 2005,
	  "Dev": "Codemasters",
	  "DevLink": "https://en.wikipedia.org/wiki/Codemasters",
	  "Publisher": "Codemasters",
	  "PublisherLink": "https://en.wikipedia.org/wiki/Codemasters",
	  "Platform": "the XBOX",
	  "PlatformLink": "https://en.wikipedia.org/wiki/Xbox_(console)"
	},
	{
	  "Game": "Loons: The Fight for Fame",
	  "GameLink": "https://en.wikipedia.org/wiki/Loons:_The_Fight_for_Fame",
	  "Genre": "Fighting",
	  "Year": 2002,
	  "Dev": "Warthog Games",
	  "DevLink": "https://en.wikipedia.org/wiki/Warthog_Games",
	  "Publisher": "Infogrames",
	  "PublisherLink": "https://en.wikipedia.org/wiki/Infogrames",
	  "Platform": "the XBOX",
	  "PlatformLink": "https://en.wikipedia.org/wiki/Xbox_(console)"
	},
	{
	  "Game": "The Lord of the Rings: The Fellowship of the Ring",
	  "GameLink": "https://en.wikipedia.org/wiki/The_Lord_of_the_Rings:_The_Fellowship_of_the_Ring_(video_game)",
	  "Genre": "Action-Adventure",
	  "Year": 2002,
	  "Dev": "The Whole Experience",
	  "DevLink": "https://en.wikipedia.org/wiki/The_Whole_Experience",
	  "Publisher": "Vivendi Universal Games",
	  "PublisherLink": "https://en.wikipedia.org/wiki/Vivendi_Universal_Games",
	  "Platform": "the XBOX",
	  "PlatformLink": "https://en.wikipedia.org/wiki/Xbox_(console)"
	},
	{
	  "Game": "The Lord of the Rings: The Return of the King",
	  "GameLink": "https://en.wikipedia.org/wiki/The_Lord_of_the_Rings:_The_Return_of_the_King_(video_game)",
	  "Genre": "Hack and slash/Action RPG",
	  "Year": 2003,
	  "Dev": "Hypnos Entertainment",
	  "DevLink": null,
	  "Publisher": "EA Games",
	  "PublisherLink": "https://en.wikipedia.org/wiki/EA_Games",
	  "Platform": "the XBOX",
	  "PlatformLink": "https://en.wikipedia.org/wiki/Xbox_(console)"
	},
	{
	  "Game": "The Lord of the Rings: The Third Age",
	  "GameLink": "https://en.wikipedia.org/wiki/The_Lord_of_the_Rings:_The_Third_Age",
	  "Genre": "RPG",
	  "Year": 2004,
	  "Dev": "EA Games",
	  "DevLink": "https://en.wikipedia.org/wiki/EA_Games",
	  "Publisher": "EA Games",
	  "PublisherLink": "https://en.wikipedia.org/wiki/EA_Games",
	  "Platform": "the XBOX",
	  "PlatformLink": "https://en.wikipedia.org/wiki/Xbox_(console)"
	},
	{
	  "Game": "The Lord of the Rings: The Two Towers",
	  "GameLink": "https://en.wikipedia.org/wiki/The_Lord_of_the_Rings:_The_Two_Towers_(video_game)",
	  "Genre": "Hack and slash/Action RPG",
	  "Year": 2003,
	  "Dev": "Stormfront Studios",
	  "DevLink": "https://en.wikipedia.org/wiki/Stormfront_Studios",
	  "Publisher": "EA Games",
	  "PublisherLink": "https://en.wikipedia.org/wiki/EA_Games",
	  "Platform": "the XBOX",
	  "PlatformLink": "https://en.wikipedia.org/wiki/Xbox_(console)"
	},
	{
	  "Game": "Lotus Challenge",
	  "GameLink": "https://en.wikipedia.org/wiki/Lotus_Challenge",
	  "Genre": "Racing",
	  "Year": 2003,
	  "Dev": "Kuju Entertainment",
	  "DevLink": "https://en.wikipedia.org/wiki/Kuju_Entertainment",
	  "Publisher": "Ignition Entertainment",
	  "PublisherLink": "https://en.wikipedia.org/wiki/Ignition_Entertainment",
	  "Platform": "the XBOX",
	  "PlatformLink": "https://en.wikipedia.org/wiki/Xbox_(console)"
	},
	{
	  "Game": "Mace Griffin: Bounty Hunter",
	  "GameLink": "https://en.wikipedia.org/wiki/Mace_Griffin:_Bounty_Hunter",
	  "Genre": "First-person shooter",
	  "Year": 2003,
	  "Dev": "Warthog Games",
	  "DevLink": "https://en.wikipedia.org/wiki/Warthog_Games",
	  "Publisher": "Vivendi Universal Games",
	  "PublisherLink": "https://en.wikipedia.org/wiki/Vivendi_Universal_Games",
	  "Platform": "the XBOX",
	  "PlatformLink": "https://en.wikipedia.org/wiki/Xbox_(console)"
	},
	{
	  "Game": "Mad Dash Racing",
	  "GameLink": "https://en.wikipedia.org/wiki/Mad_Dash_Racing",
	  "Genre": "Racing",
	  "Year": 2002,
	  "Dev": "Crystal Dynamics",
	  "DevLink": "https://en.wikipedia.org/wiki/Crystal_Dynamics",
	  "Publisher": "Eidos Interactive",
	  "PublisherLink": "https://en.wikipedia.org/wiki/Eidos_Interactive",
	  "Platform": "the XBOX",
	  "PlatformLink": "https://en.wikipedia.org/wiki/Xbox_(console)"
	},
	{
	  "Game": "Madagascar",
	  "GameLink": "https://en.wikipedia.org/wiki/Madagascar_(video_game)",
	  "Genre": "Action-Adventure",
	  "Year": 2005,
	  "Dev": "Toys for Bob",
	  "DevLink": "https://en.wikipedia.org/wiki/Toys_for_Bob",
	  "Publisher": "Activision",
	  "PublisherLink": "https://en.wikipedia.org/wiki/Activision",
	  "Platform": "the XBOX",
	  "PlatformLink": "https://en.wikipedia.org/wiki/Xbox_(console)"
	},
	{
	  "Game": "Madden NFL 06",
	  "GameLink": "https://en.wikipedia.org/wiki/Madden_NFL_06",
	  "Genre": "Sports",
	  "Year": 2005,
	  "Dev": "EA Tiburon",
	  "DevLink": "https://en.wikipedia.org/wiki/EA_Tiburon",
	  "Publisher": "EA Sports",
	  "PublisherLink": "https://en.wikipedia.org/wiki/EA_Sports",
	  "Platform": "the XBOX",
	  "PlatformLink": "https://en.wikipedia.org/wiki/Xbox_(console)"
	}]